<?xml version="1.0" encoding="UTF-8"?>

<configuration scan="true">
    <include resource="org/springframework/boot/logging/logback/base.xml"/>

    <appender name="FILE" class="ch.qos.logback.core.rolling.RollingFileAppender">
        <rollingPolicy class="ch.qos.logback.core.rolling.SizeAndTimeBasedRollingPolicy">
            <fileNamePattern>logs/patient-batch-loader-logFile.%d{yyyy-MM-dd}.%i.log</fileNamePattern>
            <maxFileSize>10MB</maxFileSize>
        	<maxHistory>20</maxHistory>
        	<totalSizeCap>3GB</totalSizeCap>
        </rollingPolicy>
        <encoder>
            <charset>utf-8</charset>
            <Pattern>%d %-5level [%thread] %logger{0}: %msg%n</Pattern>
        </encoder>
    </appender>

	<logger name="com.pluralsight.springbatch.patientbatchloader" level="DEBUG" />
    <logger name="javax.activation" level="WARN"/>
    <logger name="javax.xml.bind" level="WARN"/>
    <logger name="ch.qos.logback" level="WARN"/>
    <logger name="com.codahale.metrics" level="WARN"/>
    <logger name="com.ryantenney" level="WARN"/>
    <logger name="com.sun" level="WARN"/>
    <logger name="com.zaxxer" level="WARN"/>
    <logger name="org.apache" level="WARN"/>
    <logger name="org.apache.catalina.startup.DigesterFactory" level="OFF"/>
    <logger name="org.bson" level="WARN"/>
    <logger name="org.hibernate.validator" level="WARN"/>
    <logger name="org.hibernate" level="WARN"/>
    <logger name="org.hibernate.ejb.HibernatePersistence" level="OFF"/>
    <logger name="org.springframework" level="WARN"/>
    <logger name="org.springframework.web" level="WARN"/>
    <logger name="org.springframework.cache" level="WARN"/>
    <logger name="org.xnio" level="WARN"/>
    <logger name="sun.rmi" level="WARN"/>
    <logger name="liquibase" level="WARN"/>
    <logger name="LiquibaseSchemaResolver" level="WARN"/>
    <logger name="sun.rmi.transport" level="WARN"/>

	<root level="DEBUG">
		<appender-ref ref="CONSOLE" />
		<appender-ref ref="FILE" />
	</root>
</configuration>
